"Camera","Readout mode","Read noise (e-)","Bin","nSuper","Eff. read noise (e-)","Bg e-/superpixel","nMol (SNR=3)","nMol (SNR=10)","nSig (SNR=3)","nSig (SNR=10)","Saturation nMol","Primary mode"
"ORCA-Quest 2","Ultra Quiet",0.3,"1×1",192055,0.3,1.125,4.701,15.75,2853,9559,1330000,true
"ORCA-Quest 2","Ultra Quiet",0.3,"2×2",48014,0.6,4.5,4.701,15.75,2853,9559,333000,true
"ORCA-Quest 2","Ultra Quiet",0.3,"4×4",12003,1.2,18,4.701,15.75,2853,9558,83100,true
"ORCA-Quest 2","Standard",0.43,"1×1",192055,0.43,1.125,4.881,16.35,2962,9922,1330000,false
"ORCA-Quest 2","Standard",0.43,"2×2",48014,0.86,4.5,4.881,16.35,2962,9922,333000,false
"ORCA-Quest 2","Standard",0.43,"4×4",12003,1.72,18,4.88,16.35,2962,9922,83100,false
"ORCA-R2","Normal Scan",6,"1×1",97683,6,2.089,19.84,66.22,12040,40190,1840000,true
"ORCA-R2","Normal Scan",6,"2×2",24421,6,8.356,10.71,35.79,6500,21720,461000,true
"ORCA-R2","Normal Scan",6,"4×4",6105,6,33.43,6.704,22.43,4069,13610,115000,true
"ORCA-R2","Fast Scan",10,"1×1",97683,10,2.089,32.48,108.3,19710,65750,1840000,false
"ORCA-R2","Fast Scan",10,"2×2",24421,10,8.356,16.73,55.87,10160,33900,461000,false
"ORCA-R2","Fast Scan",10,"4×4",6105,10,33.43,9.289,31.05,5638,18840,115000,false
"Zelux CS165MU","Standard",4,"1×1",341430,4,0.5977,24.53,81.84,14890,49670,3930000,true
"Zelux CS165MU","Standard",4,"2×2",85358,8,2.391,24.53,81.85,14890,49670,984000,true
"Zelux CS165MU","Standard",4,"4×4",21339,16,9.563,24.53,81.84,14890,49670,246000,true
"Kinetix","Sensitivity",1.2,"1×1",96186,1.2,2.839,4.938,16.52,2997,10030,1130000,true
"Kinetix","Sensitivity",1.2,"2×2",24047,2.4,11.36,4.938,16.53,2997,10030,282000,true
"Kinetix","Sensitivity",1.2,"4×4",6012,4.8,45.43,4.939,16.53,2997,10030,70600,true
"iXon Ultra 888","EM Gain 300x",0.15,"1×1",24047,0.15,11.48,5.665,19.01,3438,11540,1490000,true
"iXon Ultra 888","EM Gain 300x",0.15,"2×2",6012,0.15,45.93,5.663,19,3437,11530,372000,true
"iXon Ultra 888","EM Gain 300x",0.15,"4×4",1503,0.15,183.7,5.663,19,3437,11530,93200,true
"CB2 High Res","12-bit, 24 dB gain",1.4,"1×1",541301,1.4,0.3437,12.61,42.11,7650,25560,5910000,true
"CB2 High Res","12-bit, 24 dB gain",1.4,"2×2",135325,1.4,1.375,7.59,25.39,4607,15410,1480000,true
"CB2 High Res","12-bit, 24 dB gain",1.4,"4×4",33831,2.8,5.5,7.59,25.39,4607,15410,369000,true
"CB2 HS 7.1F","12-bit, 24 dB gain",1.4,"1×1",200685,1.4,1.017,7.964,26.63,4833,16160,4840000,true
"CB2 HS 7.1F","12-bit, 24 dB gain",1.4,"2×2",50171,1.4,4.067,5.674,19,3444,11530,1210000,true
"CB2 HS 7.1F","12-bit, 24 dB gain",1.4,"4×4",12543,2.8,16.27,5.674,19,3444,11530,302000,true
